ACCLASS,VISIBILITY,LIGHT,INJURY,INVTYPE,INITDIR,DIVISION,COLLISION_DATE,COLLISION_YEAR,COLLISION_TIME,HOUR,WEATHER,NEIGHBOURHOOD
Non-Fatal Injury,Clear,Other,Major,Pedestrian,East,D55,2013-03-14,2013,2013-03-14T20:32:00Z,20,Clear,South Riverdale
Non-Fatal Injury,Clear,Daylight,Major,Cyclist,East,D42,2013-03-16,2013,2013-03-16T12:52:00Z,12,Clear,NSA
Non-Fatal Injury,Clear,Daylight,Major,Cyclist,West,D14,2013-03-21,2013,2013-03-21T13:15:00Z,13,Adverse,Wellington Place
Non-Fatal Injury,Clear,Daylight,Major,Pedestrian,Unknown,D42,2013-03-29,2013,2013-03-29T12:32:00Z,12,Clear,Steeles
Non-Fatal Injury,Clear,Daylight,Major,Cyclist,South,D12,2013-03-30,2013,2013-03-30T12:14:00Z,12,Clear,Rockcliffe-Smythe
Non-Fatal Injury,Clear,Dark,Major,Cyclist,West,D11,2013-04-05,2013,2013-04-05T22:59:00Z,22,Clear,Dufferin Grove
Non-Fatal Injury,Clear,Daylight,Major,Cyclist,North,D51,2013-04-08,2013,2013-04-08T17:22:00Z,17,Adverse,North St.James Town
Non-Fatal Injury,Clear,Other,Major,Pedestrian,South,D42,2013-04-10,2013,2013-04-10T18:56:00Z,18,Clear,Malvern West
Non-Fatal Injury,Rain,Daylight,Major,Pedestrian,East,D51,2013-04-12,2013,2013-04-12T12:13:00Z,12,Adverse,Downtown Yonge East
Fatal,Rain,Other,Fatal,Pedestrian,West,D31,2013-04-12,2013,2013-04-12T20:56:00Z,20,Adverse,Black Creek
Non-Fatal Injury,Clear,Other,Major,Cyclist,East,D42,2013-04-12,2013,2013-04-12T21:10:00Z,21,Adverse,Steeles
Non-Fatal Injury,Clear,Daylight,Major,Pedestrian,North,D22,2013-04-13,2013,2013-04-13T11:30:00Z,11,Clear,Stonegate-Queensway
Fatal,Clear,Dusk,Fatal,Cyclist,North,D41,2013-04-13,2013,2013-04-13T18:46:00Z,18,Clear,Dorset Park
Fatal,Clear,Daylight,Fatal,Pedestrian,West,D32,2013-04-16,2013,2013-04-16T14:50:00Z,14,Clear,Bedford Park-Nortown
Non-Fatal Injury,Clear,Daylight,Major,Pedestrian,West,D12,2013-04-16,2013,2013-04-16T16:30:00Z,16,Clear,Brookhaven-Amesbury
Non-Fatal Injury,Clear,Daylight,Major,Pedestrian,South,D55,2013-04-17,2013,2013-04-17T17:26:00Z,17,Clear,East End-Danforth
Non-Fatal Injury,Clear,Daylight,Major,Cyclist,North,D12,2013-04-23,2013,2013-04-23T18:00:00Z,18,Clear,Rockcliffe-Smythe
Non-Fatal Injury,Clear,Daylight,Major,Pedestrian,West,D51,2013-04-25,2013,2013-04-25T13:14:00Z,13,Clear,Downtown Yonge East
Non-Fatal Injury,Clear,Daylight,Major,Pedestrian,Unknown,D43,2013-04-27,2013,2013-04-27T15:42:00Z,15,Clear,West Hill
Non-Fatal Injury,Rain,Dark,Major,Pedestrian,South,D51,2013-04-28,2013,2013-04-28T23:50:00Z,23,Adverse,Downtown Yonge East
Fatal,Clear,Daylight,Minor,Pedestrian,North,D52,2013-05-04,2013,2013-05-04T14:50:00Z,14,Clear,Yonge-Bay Corridor
Fatal,Clear,Daylight,Major,Pedestrian,West,D52,2013-05-04,2013,2013-05-04T14:50:00Z,14,Clear,Yonge-Bay Corridor
Non-Fatal Injury,Clear,Daylight,Major,Cyclist,East,D42,2013-05-05,2013,2013-05-05T14:25:00Z,14,Clear,Agincourt South-Malvern West
Non-Fatal Injury,Clear,Daylight,Major,Pedestrian,South,D22,2013-05-06,2013,2013-05-06T15:30:00Z,15,Clear,Mimico-Queensway
Non-Fatal Injury,Clear,Other,Major,Cyclist,North,D43,2013-05-07,2013,2013-05-07T21:00:00Z,21,Clear,West Hill
Fatal,Rain,Other,Fatal,Pedestrian,Unknown,D55,2013-05-12,2013,2013-05-12T13:09:00Z,13,Adverse,The Beaches
Fatal,Clear,Daylight,Fatal,Pedestrian,South,D32,2013-05-16,2013,2013-05-16T12:31:00Z,12,Clear,Bridle Path-Sunnybrook-York Mills
Non-Fatal Injury,Clear,Daylight,Major,Pedestrian,East,D14,2013-05-16,2013,2013-05-16T17:17:00Z,17,Clear,Kensington-Chinatown
Non-Fatal Injury,Clear,Other,Major,Pedestrian,South,D13,2013-05-18,2013,2013-05-18T22:40:00Z,22,Clear,Briar Hill-Belgravia
Non-Fatal Injury,Clear,Daylight,Major,Cyclist,East,D52,2013-05-20,2013,2013-05-20T10:40:00Z,10,Clear,Harbourfront-CityPlace
Non-Fatal Injury,Clear,Daylight,Major,Pedestrian,North,D12,2013-05-23,2013,2013-05-23T18:15:00Z,18,Clear,Maple Leaf
Non-Fatal Injury,Clear,Daylight,Major,Cyclist,East,D55,2013-05-23,2013,2013-05-23T18:50:00Z,18,Clear,North Riverdale
Non-Fatal Injury,Clear,Daylight,Major,Pedestrian,West,D42,2013-05-25,2013,2013-05-25T10:22:00Z,10,Clear,East L'Amoreaux
Non-Fatal Injury,Clear,Other,Major,Pedestrian,Unknown,D52,2013-05-26,2013,2013-05-26T19:05:00Z,19,Clear,Yonge-Bay Corridor
Non-Fatal Injury,Clear,Daylight,Major,Pedestrian,North,D55,2013-05-30,2013,2013-05-30T18:00:00Z,18,Clear,Playter Estates-Danforth
Non-Fatal Injury,Clear,Daylight,Major,Pedestrian,North,D33,2013-05-31,2013,2013-05-31T10:17:00Z,10,Clear,Don Valley Village
Non-Fatal Injury,Clear,Other,Major,Pedestrian,Unknown,D14,2013-06-01,2013,2013-06-02T00:02:00Z,0,Clear,University
Non-Fatal Injury,Clear,Daylight,Major,Cyclist,West,D13,2013-06-03,2013,2013-06-03T13:09:00Z,13,Clear,Oakwood Village
Non-Fatal Injury,Clear,Daylight,Major,Cyclist,East,D22,2013-06-04,2013,2013-06-04T11:20:00Z,11,Clear,Etobicoke City Centre
Non-Fatal Injury,Clear,Other,Major,Cyclist,South,D52,2013-06-04,2013,2013-06-04T21:04:00Z,21,Clear,Yonge-Bay Corridor
Non-Fatal Injury,Clear,Dusk,Major,Pedestrian,East,D12,2013-06-05,2013,2013-06-05T20:05:00Z,20,Clear,Weston
Fatal,Rain,Other,Fatal,Pedestrian,West,D52,2013-06-06,2013,2013-06-06T23:06:00Z,23,Adverse,Kensington-Chinatown
Non-Fatal Injury,Clear,Daylight,Major,Cyclist,West,D55,2013-06-12,2013,2013-06-12T11:57:00Z,11,Clear,Old East York
Non-Fatal Injury,Clear,Daylight,Major,Pedestrian,West,D14,2013-06-15,2013,2013-06-15T13:36:00Z,13,Clear,Trinity-Bellwoods
Non-Fatal Injury,Clear,Daylight,Major,Pedestrian,South,D43,2013-06-15,2013,2013-06-15T19:24:00Z,19,Clear,Cliffcrest
Non-Fatal Injury,Clear,Daylight,Major,Pedestrian,East,D42,2013-06-16,2013,2013-06-16T15:16:00Z,15,Clear,Tam O'Shanter-Sullivan
Non-Fatal Injury,Clear,Daylight,Major,Pedestrian,East,D12,2013-06-16,2013,2013-06-16T19:23:00Z,19,Clear,Keelesdale-Eglinton West
Non-Fatal Injury,Clear,Daylight,Minor,Pedestrian,Unknown,D52,2013-06-17,2013,2013-06-17T14:07:00Z,14,Clear,Harbourfront-CityPlace
Non-Fatal Injury,Clear,Daylight,Major,Pedestrian,West,D13,2013-06-20,2013,2013-06-20T11:15:00Z,11,Clear,Casa Loma
Non-Fatal Injury,Clear,Daylight,Major,Cyclist,North,D23,2013-06-20,2013,2013-06-20T13:16:00Z,13,Clear,West Humber-Clairville
Non-Fatal Injury,Clear,Daylight,Major,Pedestrian,Unknown,D33,2013-06-21,2013,2013-06-21T15:35:00Z,15,Clear,Bayview Woods-Steeles
Non-Fatal Injury,Rain,Daylight,Minimal,Pedestrian,North,D52,2013-06-22,2013,2013-06-22T14:20:00Z,14,Adverse,Harbourfront-CityPlace
Non-Fatal Injury,Rain,Daylight,Minimal,Pedestrian,North,D52,2013-06-22,2013,2013-06-22T14:20:00Z,14,Adverse,Harbourfront-CityPlace
Non-Fatal Injury,Rain,Daylight,Minor,Pedestrian,North,D52,2013-06-22,2013,2013-06-22T14:20:00Z,14,Adverse,Harbourfront-CityPlace
Non-Fatal Injury,Clear,Daylight,Major,Cyclist,West,D14,2013-06-23,2013,2013-06-23T10:15:00Z,10,Clear,South Parkdale
Non-Fatal Injury,Clear,Daylight,None,Cyclist,East,D52,2013-06-25,2013,2013-06-25T17:25:00Z,17,Clear,Wellington Place
Non-Fatal Injury,Clear,Daylight,Major,Pedestrian,South,D52,2013-06-25,2013,2013-06-25T17:25:00Z,17,Clear,Wellington Place
Non-Fatal Injury,Clear,Other,Major,Cyclist,East,D13,2013-06-25,2013,2013-06-25T21:26:00Z,21,Clear,Wychwood
Non-Fatal Injury,Clear,Other,Major,Cyclist,North,D13,2013-06-27,2013,2013-06-27T20:05:00Z,20,Clear,Wychwood
Non-Fatal Injury,Clear,Daylight,Major,Pedestrian,North,D22,2013-06-27,2013,2013-06-27T10:25:00Z,10,Clear,Etobicoke City Centre
Non-Fatal Injury,Clear,Daylight,Major,Pedestrian,East,D22,2013-06-27,2013,2013-06-27T12:15:00Z,12,Clear,Markland Wood
Non-Fatal Injury,Clear,Dark,Major,Pedestrian,North,D41,2013-06-27,2013,2013-06-27T22:01:00Z,22,Clear,Kennedy Park
Non-Fatal Injury,Clear,Daylight,Major,Pedestrian,South,D31,2013-06-30,2013,2013-06-30T12:43:00Z,12,Clear,Black Creek
Fatal,Clear,Daylight,Minor,Pedestrian,North,D52,2013-07-03,2013,2013-07-03T13:19:00Z,13,Clear,St Lawrence-East Bayfront-The Islands
Fatal,Clear,Daylight,Minor,Pedestrian,North,D52,2013-07-03,2013,2013-07-03T13:19:00Z,13,Clear,St Lawrence-East Bayfront-The Islands
Fatal,Clear,Daylight,Minor,Pedestrian,North,D52,2013-07-03,2013,2013-07-03T13:19:00Z,13,Clear,St Lawrence-East Bayfront-The Islands
Fatal,Clear,Daylight,Major,Pedestrian,North,D52,2013-07-03,2013,2013-07-03T13:19:00Z,13,Clear,St Lawrence-East Bayfront-The Islands
Fatal,Clear,Daylight,Fatal,Pedestrian,North,D52,2013-07-03,2013,2013-07-03T13:19:00Z,13,Clear,St Lawrence-East Bayfront-The Islands
Fatal,Clear,Daylight,Minimal,Pedestrian,North,D52,2013-07-03,2013,2013-07-03T13:19:00Z,13,Clear,St Lawrence-East Bayfront-The Islands
Fatal,Clear,Daylight,Major,Pedestrian,North,D52,2013-07-03,2013,2013-07-03T13:19:00Z,13,Clear,St Lawrence-East Bayfront-The Islands
Non-Fatal Injury,Clear,Daylight,Major,Cyclist,West,D51,2013-07-04,2013,2013-07-04T14:44:00Z,14,Clear,St Lawrence-East Bayfront-The Islands
Fatal,Clear,Other,Fatal,Pedestrian,East,D43,2013-07-05,2013,2013-07-05T22:48:00Z,22,Clear,Bendale South
Non-Fatal Injury,Clear,Daylight,Major,Pedestrian,North,D51,2013-07-06,2013,2013-07-06T20:23:00Z,20,Clear,Moss Park
Fatal,Rain,Daylight,Fatal,Pedestrian,East,D42,2013-07-08,2013,2013-07-08T17:15:00Z,17,Adverse,Agincourt North
Non-Fatal Injury,Rain,Dark,Major,Pedestrian,North,D12,2013-07-08,2013,2013-07-08T21:06:00Z,21,Adverse,Weston
Non-Fatal Injury,Clear,Daylight,Major,Pedestrian,East,D51,2013-07-09,2013,2013-07-09T16:27:00Z,16,Clear,Church-Wellesley
Non-Fatal Injury,Clear,Daylight,Major,Pedestrian,East,D13,2013-07-09,2013,2013-07-09T17:58:00Z,17,Clear,Caledonia-Fairbank
Non-Fatal Injury,Clear,Daylight,None,Pedestrian,East,D55,2013-07-11,2013,2013-07-11T19:39:00Z,19,Clear,Playter Estates-Danforth
Non-Fatal Injury,Clear,Daylight,Major,Cyclist,South,D55,2013-07-11,2013,2013-07-11T19:39:00Z,19,Clear,Playter Estates-Danforth
Non-Fatal Injury,Clear,Dusk,Major,Pedestrian,Unknown,D32,2013-07-11,2013,2013-07-11T19:59:00Z,19,Clear,Bathurst Manor
Fatal,Clear,Other,Minor,Pedestrian,West,D43,2013-07-11,2013,2013-07-11T22:25:00Z,22,Clear,Centennial Scarborough
Fatal,Clear,Other,Fatal,Pedestrian,West,D43,2013-07-11,2013,2013-07-11T22:25:00Z,22,Clear,Centennial Scarborough
Non-Fatal Injury,Clear,Other,Major,Cyclist,South,D13,2013-07-12,2013,2013-07-12T22:40:00Z,22,Clear,Oakwood Village
Non-Fatal Injury,Clear,Daylight,Major,Pedestrian,Unknown,D42,2013-07-13,2013,2013-07-13T18:45:00Z,18,Clear,Agincourt South-Malvern West
Non-Fatal Injury,Clear,Daylight,Major,Pedestrian,South,D41,2013-07-15,2013,2013-07-15T11:53:00Z,11,Clear,Kennedy Park
Non-Fatal Injury,Clear,Dark,Major,Cyclist,South,D13,2013-07-17,2013,2013-07-17T21:24:00Z,21,Clear,Wychwood
Fatal,Clear,Daylight,Fatal,Pedestrian,Unknown,D41,2013-07-18,2013,2013-07-18T18:50:00Z,18,Clear,Birchcliffe-Cliffside
Non-Fatal Injury,Clear,Daylight,Major,Pedestrian,East,D14,2013-07-19,2013,2013-07-19T12:40:00Z,12,Clear,South Parkdale
Non-Fatal Injury,Clear,Daylight,Major,Pedestrian,West,D32,2013-07-24,2013,2013-07-24T11:40:00Z,11,Clear,Willowdale West
Non-Fatal Injury,Clear,Daylight,Major,Pedestrian,East,D52,2013-07-24,2013,2013-07-24T13:26:00Z,13,Clear,Kensington-Chinatown
Non-Fatal Injury,Clear,Daylight,Major,Pedestrian,West,D22,2013-07-24,2013,2013-07-24T13:40:00Z,13,Clear,Stonegate-Queensway
Non-Fatal Injury,Clear,Daylight,Major,Cyclist,East,D52,2013-07-24,2013,2013-07-24T18:45:00Z,18,Clear,Harbourfront-CityPlace
Fatal,Clear,Daylight,Fatal,Pedestrian,South,D23,2013-07-25,2013,2013-07-25T13:46:00Z,13,Clear,West Humber-Clairville
Non-Fatal Injury,Clear,Daylight,Major,Pedestrian,East,D42,2013-07-27,2013,2013-07-27T10:26:00Z,10,Clear,Milliken
Non-Fatal Injury,Clear,Daylight,Major,Cyclist,West,D55,2013-07-28,2013,2013-07-28T18:40:00Z,18,Clear,Greenwood-Coxwell
Non-Fatal Injury,Clear,Other,Major,Pedestrian,North,D42,2013-07-28,2013,2013-07-28T21:58:00Z,21,Clear,West Rouge
Non-Fatal Injury,Clear,Daylight,Major,Pedestrian,South,D55,2013-07-29,2013,2013-07-29T11:11:00Z,11,Clear,Greenwood-Coxwell
Fatal,Clear,Daylight,Fatal,Pedestrian,Unknown,D12,2013-07-29,2013,2013-07-29T16:04:00Z,16,Clear,Rockcliffe-Smythe
Non-Fatal Injury,Clear,Dusk,Major,Cyclist,South,D31,2013-08-01,2013,2013-08-01T19:43:00Z,19,Clear,Humber Summit
Non-Fatal Injury,Clear,Daylight,Major,Cyclist,East,D53,2013-08-02,2013,2013-08-02T18:02:00Z,18,Clear,Annex
Non-Fatal Injury,Clear,Daylight,Minimal,Pedestrian,North,D32,2013-08-03,2013,2013-08-03T19:04:00Z,19,Clear,Lansing-Westgate
Non-Fatal Injury,Clear,Daylight,Major,Pedestrian,North,D32,2013-08-03,2013,2013-08-03T19:04:00Z,19,Clear,Lansing-Westgate
Non-Fatal Injury,Clear,Other,Major,Pedestrian,East,D12,2013-08-03,2013,2013-08-03T22:13:00Z,22,Clear,Brookhaven-Amesbury
Non-Fatal Injury,Clear,Daylight,Major,Pedestrian,East,D22,2013-08-05,2013,2013-08-05T12:10:00Z,12,Clear,Stonegate-Queensway
Non-Fatal Injury,Clear,Dark,Major,Pedestrian,South,D55,2013-08-05,2013,2013-08-05T23:29:00Z,23,Clear,Greenwood-Coxwell
Non-Fatal Injury,Clear,Dark,Major,Pedestrian,East,D32,2013-08-12,2013,2013-08-12T20:55:00Z,20,Clear,Newtonbrook West
Fatal,Clear,Daylight,Major,Pedestrian,Unknown,D42,2013-08-13,2013,2013-08-13T11:33:00Z,11,Clear,Milliken
Non-Fatal Injury,Clear,Daylight,Major,Cyclist,South,D13,2013-08-13,2013,2013-08-13T16:39:00Z,16,Clear,Corso Italia-Davenport
Non-Fatal Injury,Clear,Daylight,Major,Pedestrian,North,D43,2013-08-15,2013,2013-08-15T11:40:00Z,11,Clear,West Hill
Non-Fatal Injury,Clear,Daylight,Major,Cyclist,East,D14,2013-08-15,2013,2013-08-15T16:12:00Z,16,Clear,Trinity-Bellwoods
Non-Fatal Injury,Clear,Daylight,Major,Pedestrian,South,D14,2013-08-16,2013,2013-08-16T13:40:00Z,13,Clear,South Parkdale
Non-Fatal Injury,Clear,Daylight,Major,Pedestrian,South,D55,2013-08-16,2013,2013-08-16T17:56:00Z,17,Clear,Woodbine Corridor
Fatal,Clear,Daylight,Fatal,Pedestrian,North,D42,2013-08-18,2013,2013-08-18T10:55:00Z,10,Clear,Agincourt North
Non-Fatal Injury,Clear,Daylight,Major,Pedestrian,East,D14,2013-08-20,2013,2013-08-20T13:35:00Z,13,Clear,Harbourfront-CityPlace
Non-Fatal Injury,Clear,Daylight,Major,Pedestrian,East,D14,2013-08-20,2013,2013-08-20T13:35:00Z,13,Clear,Harbourfront-CityPlace
Non-Fatal Injury,Clear,Daylight,Major,Pedestrian,South,D11,2013-08-22,2013,2013-08-22T18:50:00Z,18,Clear,Weston-Pelham Park
Non-Fatal Injury,Clear,Daylight,Major,Cyclist,South,D32,2013-08-23,2013,2013-08-23T17:30:00Z,17,Clear,Bridle Path-Sunnybrook-York Mills
Fatal,Clear,Daylight,Fatal,Pedestrian,South,D14,2013-08-23,2013,2013-08-23T18:40:00Z,18,Clear,South Parkdale
Fatal,Clear,Daylight,Fatal,Pedestrian,South,D23,2013-08-27,2013,2013-08-27T15:33:00Z,15,Clear,West Humber-Clairville
Non-Fatal Injury,Rain,Other,Major,Pedestrian,West,D53,2013-08-27,2013,2013-08-27T20:20:00Z,20,Adverse,South Eglinton-Davisville
Non-Fatal Injury,Clear,Daylight,Major,Pedestrian,West,D32,2013-08-28,2013,2013-08-28T17:10:00Z,17,Clear,Clanton Park
Non-Fatal Injury,Clear,Other,Major,Pedestrian,North,D43,2013-08-28,2013,2013-08-28T20:15:00Z,20,Clear,Bendale South
Non-Fatal Injury,Clear,Daylight,Major,Pedestrian,South,D41,2013-08-29,2013,2013-08-29T10:05:00Z,10,Clear,Kennedy Park
Non-Fatal Injury,Clear,Daylight,Major,Pedestrian,Unknown,D41,2013-08-30,2013,2013-08-30T19:00:00Z,19,Clear,Birchcliffe-Cliffside
Non-Fatal Injury,Rain,Other,Major,Pedestrian,East,D42,2013-08-30,2013,2013-08-30T19:48:00Z,19,Adverse,Tam O'Shanter-Sullivan
Non-Fatal Injury,Clear,Daylight,Major,Cyclist,East,D14,2013-09-01,2013,2013-09-01T12:20:00Z,12,Clear,Palmerston-Little Italy
Non-Fatal Injury,Clear,Dark,Major,Cyclist,North,D22,2013-09-02,2013,2013-09-02T21:52:00Z,21,Clear,Etobicoke West Mall
Fatal,Clear,Daylight,Fatal,Pedestrian,South,D42,2013-09-05,2013,2013-09-05T18:05:00Z,18,Clear,Agincourt South-Malvern West
Non-Fatal Injury,Clear,Daylight,Major,Cyclist,West,D55,2013-09-09,2013,2013-09-09T10:47:00Z,10,Clear,South Riverdale
Non-Fatal Injury,Clear,Daylight,Minor,Pedestrian,West,D52,2013-09-14,2013,2013-09-14T16:49:00Z,16,Clear,Kensington-Chinatown
Non-Fatal Injury,Clear,Daylight,Major,Pedestrian,West,D52,2013-09-14,2013,2013-09-14T16:49:00Z,16,Clear,Kensington-Chinatown
Non-Fatal Injury,Rain,Other,Major,Cyclist,West,D14,2013-09-15,2013,2013-09-15T19:37:00Z,19,Adverse,Dovercourt Village
Fatal,Rain,Other,Fatal,Pedestrian,North,D32,2013-09-16,2013,2013-09-16T13:00:00Z,13,Adverse,Newtonbrook West
Fatal,Clear,Daylight,Fatal,Cyclist,West,D22,2013-09-18,2013,2013-09-18T16:34:00Z,16,Clear,New Toronto
Non-Fatal Injury,Clear,Other,Major,Cyclist,East,D14,2013-09-21,2013,2013-09-21T21:40:00Z,21,Clear,Wellington Place
Non-Fatal Injury,Clear,Daylight,Major,Pedestrian,North,D55,2013-09-24,2013,2013-09-24T17:42:00Z,17,Clear,Taylor-Massey
Non-Fatal Injury,Clear,Daylight,Major,Pedestrian,North,D51,2013-09-24,2013,2013-09-24T18:30:00Z,18,Clear,St Lawrence-East Bayfront-The Islands
Fatal,Clear,Daylight,Fatal,Pedestrian,North,D55,2013-09-26,2013,2013-09-26T10:50:00Z,10,Clear,South Riverdale
Non-Fatal Injury,Clear,Daylight,Major,Pedestrian,South,D12,2013-09-26,2013,2013-09-26T18:00:00Z,18,Clear,Weston
Non-Fatal Injury,Clear,Daylight,Major,Cyclist,West,D14,2013-09-26,2013,2013-09-26T18:30:00Z,18,Clear,Trinity-Bellwoods
Non-Fatal Injury,Clear,Daylight,Major,Pedestrian,East,D51,2013-09-28,2013,2013-09-28T11:36:00Z,11,Clear,St Lawrence-East Bayfront-The Islands
Fatal,Clear,Daylight,Fatal,Pedestrian,West,D55,2013-10-01,2013,2013-10-01T10:06:00Z,10,Clear,North Riverdale
Non-Fatal Injury,Clear,Daylight,Major,Pedestrian,East,D41,2013-10-03,2013,2013-10-03T17:10:00Z,17,Clear,Clairlea-Birchmount
Fatal,Clear,Other,Fatal,Pedestrian,South,D32,2013-10-05,2013,2013-10-05T19:45:00Z,19,Clear,Westminster-Branson
Non-Fatal Injury,Clear,Daylight,Major,Pedestrian,North,D43,2013-10-08,2013,2013-10-08T14:52:00Z,14,Clear,Golfdale-Cedarbrae-Woburn
Non-Fatal Injury,Clear,Daylight,Minor,Pedestrian,East,D53,2013-10-08,2013,2013-10-08T16:20:00Z,16,Clear,Lawrence Park South
Non-Fatal Injury,Clear,Daylight,Major,Pedestrian,East,D53,2013-10-08,2013,2013-10-08T16:20:00Z,16,Clear,Lawrence Park South
Fatal,Clear,Dark,Fatal,Pedestrian,North,D42,2013-10-08,2013,2013-10-08T21:15:00Z,21,Clear,Milliken
Non-Fatal Injury,Clear,Daylight,Major,Cyclist,West,D13,2013-10-09,2013,2013-10-09T10:18:00Z,10,Clear,Wychwood
Non-Fatal Injury,Clear,Daylight,Major,Pedestrian,North,D55,2013-10-09,2013,2013-10-09T16:58:00Z,16,Clear,Taylor-Massey
Non-Fatal Injury,Clear,Dark,Major,Pedestrian,South,D14,2013-10-10,2013,2013-10-10T21:36:00Z,21,Clear,Little Portugal
Non-Fatal Injury,Clear,Daylight,Major,Pedestrian,South,D12,2013-10-11,2013,2013-10-11T15:15:00Z,15,Clear,Weston-Pelham Park
Non-Fatal Injury,Clear,Daylight,Major,Pedestrian,Unknown,D12,2013-10-11,2013,2013-10-11T18:07:00Z,18,Clear,Mount Dennis
Non-Fatal Injury,Clear,Daylight,Major,Pedestrian,South,D43,2013-10-14,2013,2013-10-14T18:00:00Z,18,Clear,Golfdale-Cedarbrae-Woburn
Non-Fatal Injury,Clear,Daylight,Major,Pedestrian,South,D43,2013-10-14,2013,2013-10-14T18:00:00Z,18,Clear,Golfdale-Cedarbrae-Woburn
Non-Fatal Injury,Clear,Other,Major,Pedestrian,South,D53,2013-10-20,2013,2013-10-20T20:14:00Z,20,Clear,Forest Hill North
Non-Fatal Injury,Rain,Daylight,Major,Cyclist,East,D42,2013-10-21,2013,2013-10-21T19:14:00Z,19,Adverse,Morningside Heights
Non-Fatal Injury,Rain,Other,Major,Pedestrian,North,D32,2013-10-21,2013,2013-10-21T20:25:00Z,20,Adverse,Downsview
Non-Fatal Injury,Clear,Dusk,Major,Cyclist,West,D13,2013-10-28,2013,2013-10-28T19:02:00Z,19,Clear,Junction-Wallace Emerson
Fatal,Clear,Daylight,Fatal,Pedestrian,West,D13,2013-10-30,2013,2013-10-30T10:22:00Z,10,Clear,Humewood-Cedarvale
Non-Fatal Injury,Rain,Other,Major,Pedestrian,South,D55,2013-10-31,2013,2013-10-31T20:45:00Z,20,Adverse,East End-Danforth
Non-Fatal Injury,Clear,Other,Major,Pedestrian,East,D52,2013-11-01,2013,2013-11-01T22:40:00Z,22,Clear,St Lawrence-East Bayfront-The Islands
Fatal,Clear,Daylight,Fatal,Pedestrian,West,D55,2013-11-03,2013,2013-11-03T16:25:00Z,16,Clear,O'Connor-Parkview
Fatal,Clear,Daylight,Fatal,Pedestrian,South,D52,2013-11-07,2013,2013-11-07T11:41:00Z,11,Clear,University
Non-Fatal Injury,Clear,Other,Major,Pedestrian,North,D52,2013-11-08,2013,2013-11-08T19:00:00Z,19,Clear,Bay-Cloverhill
Non-Fatal Injury,Clear,Other,Major,Pedestrian,Unknown,D11,2013-11-08,2013,2013-11-08T23:04:00Z,23,Clear,South Parkdale
Non-Fatal Injury,Clear,Other,Major,Pedestrian,West,D22,2013-11-14,2013,2013-11-14T19:45:00Z,19,Clear,Etobicoke West Mall
Fatal,Clear,Daylight,Fatal,Pedestrian,South,D53,2013-11-15,2013,2013-11-15T14:40:00Z,14,Clear,Yonge-St.Clair
Non-Fatal Injury,Clear,Other,Major,Pedestrian,East,D41,2013-11-19,2013,2013-11-19T18:20:00Z,18,Clear,Clairlea-Birchmount
Non-Fatal Injury,Clear,Other,Major,Pedestrian,West,D51,2013-11-21,2013,2013-11-21T16:50:00Z,16,Clear,St Lawrence-East Bayfront-The Islands
Fatal,Clear,Other,Fatal,Pedestrian,South,D32,2013-11-24,2013,2013-11-24T15:21:00Z,15,Clear,Newtonbrook West
Non-Fatal Injury,Clear,Daylight,Major,Pedestrian,North,D51,2013-11-27,2013,2013-11-27T11:20:00Z,11,Clear,Downtown Yonge East
Non-Fatal Injury,Clear,Daylight,Major,Pedestrian,West,D32,2013-11-29,2013,2013-11-29T15:45:00Z,15,Clear,Newtonbrook East
Non-Fatal Injury,Clear,Other,Major,Pedestrian,North,D41,2013-12-03,2013,2013-12-03T18:15:00Z,18,Clear,Clairlea-Birchmount
Fatal,Clear,Other,Fatal,Pedestrian,East,D22,2013-12-03,2013,2013-12-03T21:00:00Z,21,Clear,Markland Wood
Fatal,Clear,Other,Minor,Pedestrian,East,D22,2013-12-03,2013,2013-12-03T21:00:00Z,21,Clear,Markland Wood
Non-Fatal Injury,Clear,Daylight,Major,Pedestrian,East,D14,2013-12-04,2013,2013-12-04T11:43:00Z,11,Clear,Annex