ACCLASS,VISIBILITY,LIGHT,INJURY,INVTYPE,INITDIR,DIVISION,COLLISION_DATE,COLLISION_YEAR,COLLISION_TIME,HOUR,WEATHER,NEIGHBOURHOOD
Non-Fatal Injury,Clear,Other,Major,Pedestrian,Unknown,D22,2016-02-21,2016,2016-02-21T14:07:00Z,14,Clear,Etobicoke City Centre
Non-Fatal Injury,Clear,Other,Major,Pedestrian,Unknown,D22,2016-02-21,2016,2016-02-21T14:07:00Z,14,Clear,Etobicoke City Centre
Non-Fatal Injury,Clear,Daylight,Major,Pedestrian,Unknown,D23,2016-02-21,2016,2016-02-21T17:30:00Z,17,Clear,West Humber-Clairville
Non-Fatal Injury,Clear,Other,Major,Pedestrian,Unknown,D14,2016-02-23,2016,2016-02-23T21:46:00Z,21,Clear,Trinity-Bellwoods
Non-Fatal Injury,Clear,Daylight,Major,Pedestrian,East,D31,2016-02-25,2016,2016-02-25T16:25:00Z,16,Clear,Humber Summit
Non-Fatal Injury,Clear,Other,Major,Pedestrian,East,D55,2016-02-29,2016,2016-02-29T19:30:00Z,19,Clear,Danforth East York
Non-Fatal Injury,Clear,Dusk,Major,Pedestrian,West,D23,2016-02-29,2016,2016-02-29T19:39:00Z,19,Clear,West Humber-Clairville
Non-Fatal Injury,Snow,Daylight,Major,Pedestrian,Unknown,D13,2016-03-01,2016,2016-03-01T11:17:00Z,11,Unknown,Casa Loma
Fatal,Clear,Daylight,Fatal,Pedestrian,East,D51,2016-03-04,2016,2016-03-04T14:11:00Z,14,Clear,Moss Park
Non-Fatal Injury,Clear,Daylight,Major,Pedestrian,West,D13,2016-03-08,2016,2016-03-08T21:06:00Z,21,Clear,Forest Hill South
Non-Fatal Injury,Clear,Daylight,Major,Pedestrian,South,D23,2016-03-09,2016,2016-03-09T10:14:00Z,10,Clear,Mount Olive-Silverstone-Jamestown
Non-Fatal Injury,Clear,Other,Major,Pedestrian,South,D53,2016-03-12,2016,2016-03-12T22:35:00Z,22,Clear,South Eglinton-Davisville
Non-Fatal Injury,Clear,Dusk,Major,Pedestrian,West,D55,2016-03-14,2016,2016-03-14T17:39:00Z,17,Adverse,Danforth East York
Non-Fatal Injury,Rain,Other,Major,Pedestrian,South,D41,2016-03-22,2016,2016-03-22T19:36:00Z,19,Adverse,Dorset Park
Fatal,Other,Other,Fatal,Pedestrian,North,D51,2016-03-23,2016,2016-03-23T20:15:00Z,20,Adverse,Moss Park
Non-Fatal Injury,Rain,Other,Major,Pedestrian,East,D52,2016-03-24,2016,2016-03-24T20:49:00Z,20,Adverse,Yonge-Bay Corridor
Non-Fatal Injury,Clear,Daylight,Major,Pedestrian,Unknown,D32,2016-03-26,2016,2016-03-26T15:30:00Z,15,Clear,Willowdale West
Fatal,Rain,Dark,Fatal,Pedestrian,West,D42,2016-03-31,2016,2016-03-31T21:46:00Z,21,Adverse,Milliken
Non-Fatal Injury,Clear,Daylight,Major,Pedestrian,East,D22,2016-04-06,2016,2016-04-06T14:40:00Z,14,Clear,Stonegate-Queensway
Non-Fatal Injury,Clear,Daylight,Major,Pedestrian,South,D52,2016-04-10,2016,2016-04-10T11:30:00Z,11,Clear,Yonge-Bay Corridor
Fatal,Clear,Daylight,Fatal,Pedestrian,East,D42,2016-04-22,2016,2016-04-22T17:27:00Z,17,Clear,L'Amoreaux West
Non-Fatal Injury,Clear,Daylight,Major,Pedestrian,East,D33,2016-04-25,2016,2016-04-25T15:10:00Z,15,Clear,Don Valley Village
Fatal,Rain,Dark,Fatal,Pedestrian,North,D43,2016-04-25,2016,2016-04-25T21:39:00Z,21,Adverse,Scarborough Village
Non-Fatal Injury,Clear,Other,Major,Cyclist,West,D51,2016-04-27,2016,2016-04-27T20:38:00Z,20,Clear,Moss Park
Non-Fatal Injury,Clear,Daylight,Major,Cyclist,North,D14,2016-04-29,2016,2016-04-29T13:25:00Z,13,Clear,Dufferin Grove
Fatal,Rain,Other,Fatal,Pedestrian,West,D32,2016-05-01,2016,2016-05-01T20:33:00Z,20,Adverse,Bedford Park-Nortown
Non-Fatal Injury,Clear,Other,Major,Pedestrian,Unknown,D13,2016-05-20,2016,2016-05-20T14:30:00Z,14,Clear,Oakwood Village
Non-Fatal Injury,Clear,Daylight,Major,Pedestrian,South,D41,2016-05-22,2016,2016-05-22T18:15:00Z,18,Clear,Oakridge
Non-Fatal Injury,Clear,Daylight,Major,Pedestrian,East,D14,2016-05-25,2016,2016-05-25T15:25:00Z,15,Clear,South Parkdale
Non-Fatal Injury,Clear,Daylight,Major,Pedestrian,Unknown,D43,2016-05-27,2016,2016-05-27T19:53:00Z,19,Clear,Golfdale-Cedarbrae-Woburn
Non-Fatal Injury,Clear,Daylight,Major,Cyclist,West,D52,2016-05-28,2016,2016-05-28T20:05:00Z,20,Clear,Yonge-Bay Corridor
Non-Fatal Injury,Clear,Daylight,Major,Pedestrian,North,D12,2016-05-31,2016,2016-05-31T17:56:00Z,17,Clear,Weston
Non-Fatal Injury,Clear,Daylight,Major,Cyclist,West,D11,2016-06-01,2016,2016-06-01T19:40:00Z,19,Clear,Little Portugal
Non-Fatal Injury,Clear,Other,Minor,Pedestrian,East,D22,2016-06-03,2016,2016-06-03T21:31:00Z,21,Clear,Islington
Non-Fatal Injury,Clear,Other,Major,Pedestrian,East,D22,2016-06-03,2016,2016-06-03T21:31:00Z,21,Clear,Islington
Non-Fatal Injury,Clear,Daylight,Major,Pedestrian,East,D41,2016-06-04,2016,2016-06-04T15:25:00Z,15,Clear,Wexford/Maryvale
Non-Fatal Injury,Clear,Daylight,Major,Pedestrian,Unknown,D51,2016-06-09,2016,2016-06-09T10:30:00Z,10,Clear,Downtown Yonge East
Non-Fatal Injury,Clear,Daylight,Major,Cyclist,West,D51,2016-06-14,2016,2016-06-14T12:46:00Z,12,Clear,St Lawrence-East Bayfront-The Islands
Fatal,Clear,Daylight,Fatal,Pedestrian,Unknown,D52,2016-06-14,2016,2016-06-14T14:15:00Z,14,Clear,Harbourfront-CityPlace
Fatal,Clear,Daylight,Minimal,Pedestrian,Unknown,D52,2016-06-14,2016,2016-06-14T14:15:00Z,14,Clear,Harbourfront-CityPlace
Non-Fatal Injury,Clear,Daylight,Major,Pedestrian,North,D32,2016-06-15,2016,2016-06-15T16:44:00Z,16,Clear,East Willowdale
Non-Fatal Injury,Clear,Daylight,Major,Cyclist,West,D42,2016-06-20,2016,2016-06-20T13:07:00Z,13,Clear,Malvern West
Non-Fatal Injury,Clear,Daylight,Major,Pedestrian,Unknown,D43,2016-06-21,2016,2016-06-21T16:21:00Z,16,Clear,Golfdale-Cedarbrae-Woburn
Non-Fatal Injury,Clear,Daylight,Major,Pedestrian,Unknown,D33,2016-06-22,2016,2016-06-22T13:05:00Z,13,Clear,Bayview Village
Non-Fatal Injury,Clear,Other,Major,Pedestrian,East,D31,2016-06-22,2016,2016-06-22T23:15:00Z,23,Clear,Oakdale-Beverley Heights
Non-Fatal Injury,Clear,Daylight,Major,Pedestrian,South,D22,2016-06-23,2016,2016-06-23T19:49:00Z,19,Clear,Etobicoke City Centre
Non-Fatal Injury,Clear,Daylight,Major,Pedestrian,Unknown,D22,2016-06-24,2016,2016-06-24T14:45:00Z,14,Clear,Eringate-Centennial-West Deane
Non-Fatal Injury,Clear,Daylight,Major,Pedestrian,East,D11,2016-06-26,2016,2016-06-26T19:48:00Z,19,Clear,High Park-Swansea
Non-Fatal Injury,Clear,Daylight,Major,Cyclist,West,D12,2016-06-29,2016,2016-06-29T19:08:00Z,19,Clear,Rockcliffe-Smythe
Non-Fatal Injury,Clear,Daylight,Major,Cyclist,East,D31,2016-06-30,2016,2016-06-30T11:43:00Z,11,Clear,Oakdale-Beverley Heights
Non-Fatal Injury,Clear,Other,Major,Pedestrian,North,D31,2016-07-02,2016,2016-07-03T00:04:00Z,0,Clear,York University Heights
Fatal,Clear,Other,Fatal,Pedestrian,Unknown,D23,2016-07-04,2016,2016-07-04T20:55:00Z,20,Clear,Rexdale-Kipling
Fatal,Clear,Daylight,Fatal,Pedestrian,North,D23,2016-07-05,2016,2016-07-05T11:20:00Z,11,Clear,Thistletown-Beaumond Heights
Fatal,Clear,Daylight,Fatal,Cyclist,West,D14,2016-07-05,2016,2016-07-05T12:47:00Z,12,Clear,Dovercourt Village
Non-Fatal Injury,Clear,Daylight,Major,Pedestrian,South,D43,2016-07-05,2016,2016-07-05T20:05:00Z,20,Clear,Scarborough Village
Non-Fatal Injury,Clear,Other,Major,Pedestrian,North,D55,2016-07-06,2016,2016-07-06T23:04:00Z,23,Clear,Victoria Village
Non-Fatal Injury,Clear,Other,Major,Pedestrian,South,D22,2016-07-10,2016,2016-07-10T22:40:00Z,22,Clear,Humber Bay Shores
Non-Fatal Injury,Clear,Daylight,Major,Cyclist,North,D55,2016-07-12,2016,2016-07-12T12:35:00Z,12,Clear,Danforth East York
Non-Fatal Injury,Clear,Daylight,Major,Pedestrian,Unknown,D43,2016-07-16,2016,2016-07-16T18:21:00Z,18,Clear,Golfdale-Cedarbrae-Woburn
Non-Fatal Injury,Clear,Daylight,Major,Cyclist,West,D14,2016-07-19,2016,2016-07-19T18:50:00Z,18,Clear,Wellington Place
Non-Fatal Injury,Clear,Other,Major,Cyclist,South,D22,2016-07-21,2016,2016-07-21T21:27:00Z,21,Clear,Islington
Non-Fatal Injury,Clear,Other,Major,Pedestrian,East,D51,2016-07-21,2016,2016-07-21T22:47:00Z,22,Clear,Moss Park
Non-Fatal Injury,Clear,Daylight,Major,Pedestrian,Unknown,D11,2016-07-22,2016,2016-07-22T12:23:00Z,12,Clear,Junction Area
Non-Fatal Injury,Clear,Daylight,Minor,Pedestrian,Unknown,D11,2016-07-22,2016,2016-07-22T12:23:00Z,12,Clear,Junction Area
Non-Fatal Injury,Clear,Daylight,Minor,Pedestrian,Unknown,D11,2016-07-22,2016,2016-07-22T12:23:00Z,12,Clear,Junction Area
Non-Fatal Injury,Clear,Daylight,None,Cyclist,South,D33,2016-07-24,2016,2016-07-24T13:49:00Z,13,Clear,Fenside-Parkwoods
Non-Fatal Injury,Clear,Other,Major,Cyclist,West,D41,2016-07-25,2016,2016-07-25T23:59:00Z,23,Clear,Kennedy Park
Fatal,Clear,Daylight,Fatal,Pedestrian,West,D51,2016-07-28,2016,2016-07-28T14:50:00Z,14,Clear,Regent Park
Non-Fatal Injury,Clear,Daylight,None,Cyclist,East,D31,2016-07-29,2016,2016-07-29T16:45:00Z,16,Clear,Black Creek
Fatal,Clear,Daylight,Fatal,Pedestrian,East,D43,2016-07-29,2016,2016-07-29T18:25:00Z,18,Clear,Guildwood
Fatal,Clear,Daylight,Minimal,Pedestrian,East,D43,2016-07-29,2016,2016-07-29T18:25:00Z,18,Clear,Guildwood
Non-Fatal Injury,Clear,Other,Major,Pedestrian,South,D52,2016-08-02,2016,2016-08-02T21:12:00Z,21,Clear,Harbourfront-CityPlace
Fatal,Clear,Daylight,Fatal,Pedestrian,North,D32,2016-08-05,2016,2016-08-05T12:25:00Z,12,Clear,Willowdale West
Non-Fatal Injury,Clear,Daylight,Major,Pedestrian,Unknown,D23,2016-08-11,2016,2016-08-11T16:03:00Z,16,Clear,Rexdale-Kipling
Non-Fatal Injury,Clear,Daylight,Minor,Pedestrian,Unknown,D23,2016-08-11,2016,2016-08-11T16:03:00Z,16,Clear,Rexdale-Kipling
Non-Fatal Injury,Clear,Other,Major,Cyclist,South,D22,2016-08-16,2016,2016-08-16T23:25:00Z,23,Clear,Etobicoke City Centre
Non-Fatal Injury,Clear,Daylight,Major,Pedestrian,West,D23,2016-08-19,2016,2016-08-19T18:53:00Z,18,Clear,Kingsview Village-The Westway
Non-Fatal Injury,Clear,Daylight,Major,Pedestrian,South,D14,2016-08-22,2016,2016-08-22T13:12:00Z,13,Clear,Little Portugal
Non-Fatal Injury,Clear,Other,Major,Pedestrian,East,D23,2016-08-25,2016,2016-08-25T21:53:00Z,21,Clear,Kingsview Village-The Westway
Non-Fatal Injury,Clear,Daylight,Major,Cyclist,South,D41,2016-08-26,2016,2016-08-26T16:00:00Z,16,Clear,Wexford/Maryvale
Non-Fatal Injury,Clear,Daylight,Major,Pedestrian,East,D22,2016-08-27,2016,2016-08-27T13:56:00Z,13,Clear,Mimico-Queensway
Non-Fatal Injury,Clear,Daylight,Major,Cyclist,South,D12,2016-09-01,2016,2016-09-01T14:13:00Z,14,Clear,Keelesdale-Eglinton West
Non-Fatal Injury,Clear,Daylight,Major,Cyclist,East,D53,2016-09-02,2016,2016-09-02T16:30:00Z,16,Clear,Yonge-St.Clair
Non-Fatal Injury,Clear,Daylight,Major,Cyclist,West,D51,2016-09-04,2016,2016-09-04T14:00:00Z,14,Clear,Regent Park
Non-Fatal Injury,Clear,Daylight,Major,Cyclist,East,D51,2016-09-05,2016,2016-09-05T19:13:00Z,19,Clear,Moss Park
Non-Fatal Injury,Clear,Other,Major,Pedestrian,South,D55,2016-09-06,2016,2016-09-06T20:40:00Z,20,Clear,South Riverdale
Non-Fatal Injury,Clear,Other,Major,Pedestrian,Unknown,D13,2016-09-09,2016,2016-09-09T17:33:00Z,17,Clear,Oakwood Village
Non-Fatal Injury,Clear,Other,Major,Pedestrian,East,D32,2016-09-09,2016,2016-09-09T23:05:00Z,23,Clear,Bathurst Manor
Non-Fatal Injury,Clear,Other,Major,Pedestrian,East,D32,2016-09-09,2016,2016-09-09T23:05:00Z,23,Clear,Bathurst Manor
Non-Fatal Injury,Clear,Daylight,Major,Pedestrian,East,D33,2016-09-12,2016,2016-09-12T18:30:00Z,18,Clear,Henry Farm
Non-Fatal Injury,Clear,Daylight,Major,Cyclist,East,D42,2016-09-16,2016,2016-09-16T10:47:00Z,10,Clear,Tam O'Shanter-Sullivan
Fatal,Clear,Daylight,Fatal,Pedestrian,Unknown,D31,2016-09-16,2016,2016-09-16T12:42:00Z,12,Clear,York University Heights
Non-Fatal Injury,Clear,Dark,Major,Pedestrian,East,D22,2016-09-16,2016,2016-09-16T19:55:00Z,19,Clear,Alderwood
Non-Fatal Injury,Clear,Daylight,Major,Pedestrian,East,D11,2016-09-20,2016,2016-09-20T17:21:00Z,17,Clear,Runnymede-Bloor West Village
Non-Fatal Injury,Clear,Daylight,Major,Cyclist,East,D14,2016-09-20,2016,2016-09-20T17:54:00Z,17,Clear,University
Non-Fatal Injury,Clear,Other,Major,Pedestrian,Unknown,D33,2016-09-20,2016,2016-09-20T21:30:00Z,21,Clear,Henry Farm
Fatal,Clear,Daylight,Fatal,Pedestrian,South,D13,2016-09-21,2016,2016-09-21T17:35:00Z,17,Clear,Wychwood
Fatal,Clear,Dark,Fatal,Pedestrian,North,D13,2016-09-30,2016,2016-09-30T19:28:00Z,19,Clear,Humewood-Cedarvale
Fatal,Clear,Daylight,Fatal,Pedestrian,South,D41,2016-10-02,2016,2016-10-02T10:58:00Z,10,Clear,Kennedy Park
Fatal,Rain,Other,Fatal,Pedestrian,South,D41,2016-10-02,2016,2016-10-02T19:40:00Z,19,Adverse,Kennedy Park
Non-Fatal Injury,Clear,Daylight,Major,Cyclist,South,D12,2016-10-03,2016,2016-10-03T14:26:00Z,14,Clear,Brookhaven-Amesbury
Non-Fatal Injury,Clear,Other,Major,Cyclist,West,D51,2016-10-05,2016,2016-10-05T22:15:00Z,22,Clear,Cabbagetown-South St.James Town
Non-Fatal Injury,Clear,Daylight,Major,Pedestrian,West,D42,2016-10-07,2016,2016-10-07T17:50:00Z,17,Clear,Agincourt South-Malvern West
Non-Fatal Injury,Clear,Daylight,Major,Pedestrian,North,D53,2016-10-08,2016,2016-10-08T11:13:00Z,11,Clear,Yonge-Eglinton
Non-Fatal Injury,Clear,Other,Major,Pedestrian,South,D41,2016-10-09,2016,2016-10-09T21:08:00Z,21,Clear,Kennedy Park
Fatal,Clear,Daylight,Fatal,Pedestrian,South,D33,2016-10-11,2016,2016-10-11T11:52:00Z,11,Clear,Parkwoods-O'Connor Hills
Fatal,Clear,Daylight,Fatal,Pedestrian,North,D13,2016-10-12,2016,2016-10-12T11:09:00Z,11,Clear,Wychwood
Fatal,Clear,Daylight,Fatal,Pedestrian,Unknown,D41,2016-10-12,2016,2016-10-12T11:17:00Z,11,Clear,Kennedy Park
Non-Fatal Injury,Clear,Other,Major,Cyclist,South,D11,2016-10-19,2016,2016-10-19T20:46:00Z,20,Clear,Little Portugal
Fatal,Rain,Dark,Fatal,Pedestrian,Unknown,D53,2016-10-20,2016,2016-10-20T19:22:00Z,19,Adverse,Leaside-Bennington
Non-Fatal Injury,Rain,Daylight,Major,Pedestrian,North,D14,2016-10-21,2016,2016-10-21T13:14:00Z,13,Adverse,Little Portugal
Non-Fatal Injury,Rain,Daylight,Major,Pedestrian,South,D31,2016-10-27,2016,2016-10-27T15:06:00Z,15,Adverse,York University Heights
Non-Fatal Injury,Rain,Other,Major,Pedestrian,East,D33,2016-10-27,2016,2016-10-27T18:40:00Z,18,Adverse,Banbury-Don Mills
Non-Fatal Injury,Clear,Other,Major,Pedestrian,Unknown,D33,2016-10-31,2016,2016-10-31T20:35:00Z,20,Clear,Banbury-Don Mills
Non-Fatal Injury,Clear,Other,Major,Pedestrian,Unknown,D33,2016-10-31,2016,2016-10-31T20:35:00Z,20,Clear,Banbury-Don Mills
Non-Fatal Injury,Clear,Other,Minor,Pedestrian,Unknown,D33,2016-10-31,2016,2016-10-31T20:35:00Z,20,Clear,Banbury-Don Mills
Fatal,Rain,Other,Fatal,Pedestrian,North,D14,2016-11-02,2016,2016-11-02T19:48:00Z,19,Adverse,Trinity-Bellwoods
Fatal,Rain,Other,Minor,Pedestrian,North,D14,2016-11-02,2016,2016-11-02T19:48:00Z,19,Adverse,Trinity-Bellwoods
Non-Fatal Injury,Clear,Daylight,Major,Cyclist,South,D51,2016-11-03,2016,2016-11-03T15:07:00Z,15,Clear,Cabbagetown-South St.James Town
Non-Fatal Injury,Clear,Other,Major,Pedestrian,South,D43,2016-11-03,2016,2016-11-03T18:15:00Z,18,Clear,Golfdale-Cedarbrae-Woburn
Fatal,Clear,Daylight,Fatal,Pedestrian,East,D22,2016-11-06,2016,2016-11-06T11:55:00Z,11,Clear,Stonegate-Queensway
Non-Fatal Injury,Clear,Other,Major,Pedestrian,West,D42,2016-11-06,2016,2016-11-06T19:00:00Z,19,Clear,Malvern East
Non-Fatal Injury,Clear,Dark,Major,Pedestrian,Unknown,D22,2016-11-07,2016,2016-11-07T19:11:00Z,19,Clear,Islington
Non-Fatal Injury,Rain,Other,Major,Pedestrian,East,D23,2016-11-08,2016,2016-11-08T18:33:00Z,18,Adverse,Willowridge-Martingrove-Richview
Fatal,Clear,Other,Fatal,Pedestrian,West,D41,2016-11-10,2016,2016-11-10T17:32:00Z,17,Clear,Bendale South
Fatal,Clear,Other,Major,Pedestrian,West,D41,2016-11-10,2016,2016-11-10T17:32:00Z,17,Clear,Bendale South
Non-Fatal Injury,Clear,Daylight,Major,Pedestrian,North,D22,2016-11-18,2016,2016-11-18T13:54:00Z,13,Clear,Markland Wood
Non-Fatal Injury,Clear,Other,Major,Cyclist,South,D42,2016-11-19,2016,2016-11-19T18:07:00Z,18,Clear,Milliken
Non-Fatal Injury,Clear,Other,Major,Pedestrian,East,D22,2016-11-22,2016,2016-11-22T20:40:00Z,20,Clear,Mimico-Queensway
Fatal,Clear,Dark,Fatal,Pedestrian,Unknown,D51,2016-11-24,2016,2016-11-24T20:10:00Z,20,Adverse,Moss Park
Non-Fatal Injury,Rain,Other,Major,Pedestrian,South,D33,2016-11-26,2016,2016-11-26T18:07:00Z,18,Adverse,Banbury-Don Mills
Non-Fatal Injury,Rain,Other,Minor,Pedestrian,South,D33,2016-11-26,2016,2016-11-26T18:07:00Z,18,Adverse,Banbury-Don Mills
Non-Fatal Injury,Clear,Other,Major,Pedestrian,West,D13,2016-11-28,2016,2016-11-28T12:04:00Z,12,Clear,Humewood-Cedarvale
Non-Fatal Injury,Clear,Other,Major,Pedestrian,West,D32,2016-11-29,2016,2016-11-29T22:08:00Z,22,Clear,Yorkdale-Glen Park
Non-Fatal Injury,Rain,Other,Major,Pedestrian,North,D33,2016-11-30,2016,2016-11-30T21:06:00Z,21,Adverse,Banbury-Don Mills
Fatal,Clear,Daylight,Fatal,Pedestrian,North,D55,2016-12-01,2016,2016-12-01T13:35:00Z,13,Clear,Woodbine-Lumsden
Non-Fatal Injury,Rain,Other,Major,Pedestrian,South,D51,2016-12-04,2016,2016-12-04T23:15:00Z,23,Adverse,Moss Park
Non-Fatal Injury,Clear,Daylight,Major,Cyclist,West,D14,2016-12-06,2016,2016-12-06T15:35:00Z,15,Clear,University
Non-Fatal Injury,Rain,Other,Major,Pedestrian,South,D14,2016-12-06,2016,2016-12-06T18:36:00Z,18,Adverse,South Parkdale
Non-Fatal Injury,Rain,Other,Minor,Pedestrian,South,D51,2016-12-06,2016,2016-12-06T18:37:00Z,18,Adverse,Downtown Yonge East
Non-Fatal Injury,Rain,Other,Major,Pedestrian,South,D51,2016-12-06,2016,2016-12-06T18:37:00Z,18,Adverse,Downtown Yonge East
Non-Fatal Injury,Rain,Other,Major,Pedestrian,West,D55,2016-12-06,2016,2016-12-06T22:20:00Z,22,Adverse,Greenwood-Coxwell
Non-Fatal Injury,Rain,Other,Major,Pedestrian,West,D55,2016-12-06,2016,2016-12-06T22:20:00Z,22,Adverse,Woodbine Corridor
Non-Fatal Injury,Clear,Other,Major,Pedestrian,Unknown,D51,2016-12-12,2016,2016-12-12T22:55:00Z,22,Unknown,Moss Park
Fatal,Clear,Daylight,Fatal,Pedestrian,West,D42,2016-12-13,2016,2016-12-13T14:40:00Z,14,Clear,Milliken
Non-Fatal Injury,Clear,Daylight,Major,Pedestrian,North,D53,2016-12-14,2016,2016-12-14T10:36:00Z,10,Clear,Rosedale-Moore Park
Non-Fatal Injury,Clear,Dark,Major,Pedestrian,North,D52,2016-12-14,2016,2016-12-14T17:04:00Z,17,Clear,Harbourfront-CityPlace
Non-Fatal Injury,Clear,Daylight,Major,Pedestrian,Unknown,D41,2016-12-16,2016,2016-12-16T13:12:00Z,13,Adverse,Clairlea-Birchmount
Non-Fatal Injury,Clear,Other,Major,Pedestrian,Unknown,D55,2016-12-18,2016,2016-12-18T22:36:00Z,22,Clear,Broadview North
Non-Fatal Injury,Clear,Daylight,Major,Pedestrian,Unknown,D33,2016-12-19,2016,2016-12-19T11:32:00Z,11,Clear,Bayview Village
Non-Fatal Injury,Clear,Other,Major,Pedestrian,West,D42,2016-12-21,2016,2016-12-21T20:30:00Z,20,Adverse,East L'Amoreaux
Non-Fatal Injury,Clear,Other,Major,Pedestrian,West,D33,2016-12-25,2016,2016-12-25T21:41:00Z,21,Clear,Bayview Village
Non-Fatal Injury,Clear,Other,Major,Pedestrian,South,D13,2016-12-28,2016,2016-12-28T19:19:00Z,19,Clear,Caledonia-Fairbank
Non-Fatal Injury,Clear,Daylight,Major,Pedestrian,East,D13,2017-01-08,2017,2017-01-08T13:11:00Z,13,Clear,Casa Loma
Non-Fatal Injury,Clear,Daylight,Major,Pedestrian,East,D13,2017-01-08,2017,2017-01-08T13:11:00Z,13,Clear,Casa Loma
Fatal,Clear,Other,Fatal,Pedestrian,North,D41,2017-01-08,2017,2017-01-08T18:29:00Z,18,Clear,Dorset Park
Non-Fatal Injury,Rain,Other,Major,Pedestrian,North,D51,2017-01-10,2017,2017-01-10T20:03:00Z,20,Adverse,Downtown Yonge East
Non-Fatal Injury,Clear,Other,Major,Pedestrian,West,D53,2017-01-15,2017,2017-01-15T20:33:00Z,20,Clear,Mount Pleasant East
Non-Fatal Injury,Clear,Other,Major,Pedestrian,East,D43,2017-01-19,2017,2017-01-19T17:55:00Z,17,Clear,West Hill
Non-Fatal Injury,Other,Daylight,Major,Pedestrian,East,D53,2017-01-24,2017,2017-01-24T16:35:00Z,16,Adverse,South Eglinton-Davisville
Non-Fatal Injury,Rain,Other,Major,Pedestrian,East,D14,2017-01-25,2017,2017-01-25T19:34:00Z,19,Adverse,University
Non-Fatal Injury,Clear,Daylight,Major,Cyclist,West,D52,2017-01-27,2017,2017-01-27T14:50:00Z,14,Clear,St Lawrence-East Bayfront-The Islands
Fatal,Clear,Dark,Fatal,Pedestrian,West,D14,2017-01-29,2017,2017-01-29T11:00:00Z,11,Clear,Harbourfront-CityPlace
Non-Fatal Injury,Clear,Daylight,Minor,Pedestrian,North,D43,2017-02-01,2017,2017-02-01T14:15:00Z,14,Clear,Highland Creek
Non-Fatal Injury,Rain,Other,Major,Pedestrian,South,D55,2017-02-07,2017,2017-02-07T19:09:00Z,19,Adverse,Broadview North
Non-Fatal Injury,Clear,Daylight,Major,Pedestrian,West,D33,2017-02-08,2017,2017-02-08T15:10:00Z,15,Clear,Banbury-Don Mills
Non-Fatal Injury,Clear,Daylight,Major,Pedestrian,Unknown,D51,2017-02-10,2017,2017-02-10T10:03:00Z,10,Clear,Moss Park
Non-Fatal Injury,Clear,Other,Major,Pedestrian,West,D42,2017-02-11,2017,2017-02-11T20:11:00Z,20,Adverse,Agincourt South-Malvern West
Non-Fatal Injury,Clear,Daylight,Major,Pedestrian,South,D32,2017-02-13,2017,2017-02-13T15:07:00Z,15,Adverse,Yonge-Doris
Non-Fatal Injury,Clear,Other,Major,Pedestrian,East,D52,2017-02-18,2017,2017-02-18T22:30:00Z,22,Clear,Yonge-Bay Corridor
Non-Fatal Injury,Clear,Other,Minor,Pedestrian,East,D52,2017-02-18,2017,2017-02-18T22:30:00Z,22,Clear,Yonge-Bay Corridor
Non-Fatal Injury,Clear,Daylight,Major,Pedestrian,South,D55,2017-02-19,2017,2017-02-19T17:27:00Z,17,Clear,South Riverdale
Fatal,Clear,Other,Fatal,Pedestrian,East,D52,2017-02-23,2017,2017-02-23T10:22:00Z,10,Clear,Yonge-Bay Corridor
Non-Fatal Injury,Clear,Daylight,Major,Pedestrian,East,D32,2017-02-23,2017,2017-02-23T12:00:00Z,12,Clear,Yonge-Doris
Non-Fatal Injury,Clear,Other,Major,Pedestrian,North,D41,2017-02-23,2017,2017-02-23T20:20:00Z,20,Clear,Clairlea-Birchmount
Non-Fatal Injury,Clear,Other,Major,Pedestrian,West,D13,2017-02-24,2017,2017-02-24T18:18:00Z,18,Clear,Oakwood Village
Non-Fatal Injury,Clear,Other,Major,Cyclist,South,D52,2017-02-26,2017,2017-02-26T23:11:00Z,23,Clear,University
Non-Fatal Injury,Rain,Other,Major,Pedestrian,East,D42,2017-02-28,2017,2017-02-28T21:22:00Z,21,Adverse,Milliken
Fatal,Clear,Daylight,Minor,Pedestrian,North,D31,2017-03-04,2017,2017-03-04T10:01:00Z,10,Clear,Glenfield-Jane Heights