ACCLASS,VISIBILITY,LIGHT,INJURY,INVTYPE,INITDIR,DIVISION,COLLISION_DATE,COLLISION_YEAR,COLLISION_TIME,HOUR,WEATHER,NEIGHBOURHOOD
Non-Fatal Injury,Clear,Other,Major,Cyclist,West,D14,2022-11-09,2022,2022-11-09T18:12:00Z,18,Clear,Trinity-Bellwoods
Non-Fatal Injury,Clear,Other,Major,Pedestrian,Unknown,D31,2022-11-12,2022,2022-11-12T20:30:00Z,20,Clear,York University Heights
Non-Fatal Injury,Clear,Other,Major,Cyclist,South,D11,2022-11-13,2022,2022-11-13T18:38:00Z,18,Clear,Roncesvalles
Non-Fatal Injury,Clear,Other,Major,Pedestrian,West,D23,2022-11-15,2022,2022-11-15T16:56:00Z,16,Adverse,Mount Olive-Silverstone-Jamestown
Non-Fatal Injury,Snow,Other,Major,Pedestrian,East,D32,2022-11-15,2022,2022-11-15T21:27:00Z,21,Adverse,Clanton Park
Non-Fatal Injury,Clear,Daylight,Major,Cyclist,West,D42,2022-11-21,2022,2022-11-21T16:09:00Z,16,Clear,West Rouge
Fatal,Clear,Daylight,Fatal,Cyclist,East,D53,2022-11-23,2022,2022-11-23T16:27:00Z,16,Clear,Rosedale-Moore Park
Non-Fatal Injury,Clear,Daylight,Major,Pedestrian,North,D14,2022-11-25,2022,2022-11-25T12:51:00Z,12,Clear,Little Portugal
Non-Fatal Injury,Clear,Daylight,Major,Pedestrian,Unknown,D22,2022-11-26,2022,2022-11-26T12:48:00Z,12,Clear,Long Branch
Non-Fatal Injury,Rain,Other,Major,Pedestrian,West,D14,2022-11-27,2022,2022-11-27T18:10:00Z,18,Adverse,Harbourfront-CityPlace
Property Damage O,Rain,Other,Major,Pedestrian,South,D23,2022-11-27,2022,2022-11-27T19:43:00Z,19,Adverse,Thistletown-Beaumond Heights
Non-Fatal Injury,Clear,Dark,Major,Cyclist,North,D52,2022-12-01,2022,2022-12-01T21:30:00Z,21,Clear,Harbourfront-CityPlace
Non-Fatal Injury,Clear,Daylight,Major,Pedestrian,South,D41,2022-12-05,2022,2022-12-05T15:05:00Z,15,Clear,Wexford/Maryvale
Non-Fatal Injury,Clear,Other,Major,Pedestrian,Unknown,D33,2022-12-05,2022,2022-12-05T20:18:00Z,20,Clear,Victoria Village
Non-Fatal Injury,Clear,Daylight,Major,Pedestrian,West,D31,2022-12-09,2022,2022-12-09T17:10:00Z,17,Clear,Glenfield-Jane Heights
Fatal,Clear,Daylight,Fatal,Pedestrian,West,D52,2022-12-12,2022,2022-12-12T11:18:00Z,11,Clear,Kensington-Chinatown
Non-Fatal Injury,Other,Daylight,Minor,Pedestrian,Unknown,D51,2022-12-15,2022,2022-12-15T11:34:00Z,11,Adverse,Cabbagetown-South St.James Town
Non-Fatal Injury,Other,Other,Major,Pedestrian,Unknown,D14,2022-12-15,2022,2022-12-15T17:20:00Z,17,Adverse,West Queen West
Non-Fatal Injury,Snow,Dark,Major,Pedestrian,North,D23,2022-12-15,2022,2022-12-15T19:25:00Z,19,Unknown,West Humber-Clairville
Non-Fatal Injury,Snow,Dark,Minor,Pedestrian,North,D23,2022-12-15,2022,2022-12-15T19:25:00Z,19,Unknown,West Humber-Clairville
Non-Fatal Injury,Clear,Other,Major,Cyclist,South,D51,2022-12-18,2022,2022-12-18T22:28:00Z,22,Clear,St Lawrence-East Bayfront-The Islands
Non-Fatal Injury,Clear,Dark,Major,Pedestrian,North,D13,2022-12-21,2022,2022-12-21T17:50:00Z,17,Adverse,Humewood-Cedarvale
Non-Fatal Injury,Clear,Dark,Minimal,Pedestrian,North,D13,2022-12-21,2022,2022-12-21T17:50:00Z,17,Adverse,Humewood-Cedarvale
Non-Fatal Injury,Clear,Dark,Minor,Pedestrian,North,D13,2022-12-21,2022,2022-12-21T17:50:00Z,17,Adverse,Humewood-Cedarvale
Non-Fatal Injury,Clear,Dark,Minimal,Pedestrian,North,D13,2022-12-21,2022,2022-12-21T17:50:00Z,17,Adverse,Humewood-Cedarvale
Non-Fatal Injury,Rain,Other,Major,Pedestrian,South,D14,2022-12-30,2022,2022-12-30T22:34:00Z,22,Adverse,Palmerston-Little Italy
Fatal,Rain,Dark,Fatal,Pedestrian,West,D22,2023-01-04,2023,2023-01-04T17:10:00Z,17,Adverse,New Toronto
Non-Fatal Injury,Rain,Other,Major,Pedestrian,East,D42,2023-01-04,2023,2023-01-04T17:30:00Z,17,Adverse,Malvern West
Non-Fatal Injury,Rain,Dark,Major,Pedestrian,None,D33,2023-01-04,2023,2023-01-04T17:40:00Z,17,Adverse,Banbury-Don Mills
Non-Fatal Injury,Rain,Other,Major,Pedestrian,North,D14,2023-01-05,2023,2023-01-05T22:24:00Z,22,Adverse,Wellington Place
Fatal,Clear,Daylight,Fatal,Pedestrian,Unknown,D53,2023-01-06,2023,2023-01-06T15:18:00Z,15,Clear,South Eglinton-Davisville
Non-Fatal Injury,Rain,Dark,Major,Pedestrian,North,D43,2023-01-09,2023,2023-01-09T18:30:00Z,18,Adverse,West Hill
Fatal,Rain,Other,Fatal,Pedestrian,West,D31,2023-01-09,2023,2023-01-09T20:37:00Z,20,Adverse,Oakdale-Beverley Heights
Non-Fatal Injury,Clear,Daylight,Major,Pedestrian,Unknown,D43,2023-01-14,2023,2023-01-14T15:18:00Z,15,Clear,Woburn North
Non-Fatal Injury,Clear,Daylight,Minimal,Pedestrian,Unknown,D43,2023-01-14,2023,2023-01-14T15:18:00Z,15,Clear,Woburn North
Non-Fatal Injury,Clear,Daylight,Major,Pedestrian,South,D41,2023-01-15,2023,2023-01-15T14:55:00Z,14,Clear,Clairlea-Birchmount
Non-Fatal Injury,Clear,Other,Major,Pedestrian,None,D22,2023-01-18,2023,2023-01-18T17:41:00Z,17,Clear,Eringate-Centennial-West Deane
Fatal,Clear,Other,Fatal,Pedestrian,South,D23,2023-01-24,2023,2023-01-24T23:59:00Z,23,Clear,Willowridge-Martingrove-Richview
Non-Fatal Injury,Clear,Other,Major,Pedestrian,North,D51,2023-02-01,2023,2023-02-01T17:36:00Z,17,Clear,St Lawrence-East Bayfront-The Islands
Non-Fatal Injury,Clear,Other,Major,Pedestrian,Unknown,D31,2023-02-03,2023,2023-02-03T18:35:00Z,18,Clear,Downsview
Non-Fatal Injury,Clear,Daylight,Major,Pedestrian,Unknown,D11,2023-02-06,2023,2023-02-06T14:15:00Z,14,Clear,Lambton Baby Point
Non-Fatal Injury,Clear,Other,Major,Pedestrian,East,D32,2023-02-06,2023,2023-02-06T22:30:00Z,22,Clear,Avondale
Non-Fatal Injury,Clear,Other,Major,Pedestrian,None,D22,2023-02-08,2023,2023-02-08T20:04:00Z,20,Adverse,Eringate-Centennial-West Deane
Non-Fatal Injury,Clear,Daylight,Major,Pedestrian,None,D12,2023-02-13,2023,2023-02-13T16:33:00Z,16,Clear,Weston
Non-Fatal Injury,Clear,Daylight,Minor,Pedestrian,None,D12,2023-02-13,2023,2023-02-13T16:33:00Z,16,Clear,Weston
Non-Fatal Injury,Rain,Other,Major,Pedestrian,None,D32,2023-02-17,2023,2023-02-17T13:06:00Z,13,Adverse,Clanton Park
Non-Fatal Injury,Snow,Other,Major,Pedestrian,Unknown,D14,2023-02-27,2023,2023-02-27T17:23:00Z,17,Unknown,Wellington Place
Non-Fatal Injury,Clear,Daylight,Major,Pedestrian,West,D41,2023-03-01,2023,2023-03-01T15:15:00Z,15,Clear,Wexford/Maryvale
Non-Fatal Injury,Clear,Dusk,Major,Pedestrian,North,D23,2023-03-02,2023,2023-03-02T17:31:00Z,17,Unknown,West Humber-Clairville
Non-Fatal Injury,Clear,Other,Major,Pedestrian,None,D12,2023-03-04,2023,2023-03-04T22:30:00Z,22,Adverse,Mount Dennis
Non-Fatal Injury,Clear,Other,Major,Pedestrian,Unknown,D11,2023-03-09,2023,2023-03-09T21:15:00Z,21,Clear,Junction Area
Non-Fatal Injury,Clear,Daylight,Major,Pedestrian,None,D32,2023-03-18,2023,2023-03-18T18:30:00Z,18,Clear,Newtonbrook West
Non-Fatal Injury,Clear,Other,Major,Pedestrian,None,D32,2023-03-28,2023,2023-03-28T20:50:00Z,20,Clear,Lawrence Park North
Non-Fatal Injury,Clear,Daylight,Major,Pedestrian,None,D55,2023-03-29,2023,2023-03-29T17:15:00Z,17,Clear,Flemingdon Park
Non-Fatal Injury,Clear,Dusk,Major,Cyclist,East,D22,2023-03-30,2023,2023-03-30T19:49:00Z,19,Clear,Humber Bay Shores
Non-Fatal Injury,Clear,Daylight,Major,Pedestrian,None,D43,2023-04-01,2023,2023-04-01T11:05:00Z,11,Clear,Golfdale-Cedarbrae-Woburn
Non-Fatal Injury,Clear,Daylight,Major,Cyclist,East,D11,2023-04-08,2023,2023-04-08T13:19:00Z,13,Clear,Little Portugal
Non-Fatal Injury,Clear,Daylight,Major,Pedestrian,None,D51,2023-04-14,2023,2023-04-14T12:05:00Z,12,Clear,Downtown Yonge East
Non-Fatal Injury,Rain,Daylight,Major,Pedestrian,None,D55,2023-04-17,2023,2023-04-17T16:50:00Z,16,Adverse,South Riverdale
Non-Fatal Injury,Clear,Other,Major,Pedestrian,None,D51,2023-04-18,2023,2023-04-18T20:13:00Z,20,Clear,Moss Park
Non-Fatal Injury,Clear,Daylight,Major,Pedestrian,None,D33,2023-05-09,2023,2023-05-09T15:31:00Z,15,Clear,Banbury-Don Mills
Non-Fatal Injury,Clear,Daylight,Major,Pedestrian,None,D14,2023-05-27,2023,2023-05-27T12:37:00Z,12,Clear,Fort York-Liberty Village
Non-Fatal Injury,Clear,Daylight,Major,Pedestrian,North,D31,2023-05-28,2023,2023-05-28T17:06:00Z,17,Clear,Downsview
Fatal,Clear,Daylight,Fatal,Cyclist,North,D23,2023-05-28,2023,2023-05-28T19:27:00Z,19,Clear,Humber Heights-Westmount
Non-Fatal Injury,Clear,Daylight,Major,Cyclist,East,D51,2023-05-29,2023,2023-05-29T11:26:00Z,11,Clear,North St.James Town
Non-Fatal Injury,Clear,Daylight,Major,Pedestrian,None,D13,2023-05-30,2023,2023-05-30T15:12:00Z,15,Clear,Oakwood Village
Non-Fatal Injury,Clear,Daylight,Major,Cyclist,North,D55,2023-05-30,2023,2023-05-30T17:23:00Z,17,Clear,Taylor-Massey
Non-Fatal Injury,Clear,Daylight,Major,Pedestrian,None,D13,2023-06-02,2023,2023-06-02T14:48:00Z,14,Clear,Yorkdale-Glen Park
Non-Fatal Injury,Clear,Daylight,Major,Cyclist,West,D53,2023-06-02,2023,2023-06-02T16:15:00Z,16,Clear,Lawrence Park South
Non-Fatal Injury,Clear,Dark,Major,Pedestrian,None,D33,2023-06-02,2023,2023-06-02T22:00:00Z,22,Clear,Bayview Woods-Steeles
Non-Fatal Injury,Clear,Daylight,Minor,Pedestrian,None,D32,2023-06-03,2023,2023-06-03T17:50:00Z,17,Clear,Bathurst Manor
Non-Fatal Injury,Clear,Daylight,Major,Cyclist,West,D55,2023-06-03,2023,2023-06-03T18:09:00Z,18,Clear,South Riverdale
Non-Fatal Injury,Clear,Other,Major,Pedestrian,None,D51,2023-06-05,2023,2023-06-05T21:55:00Z,21,Clear,North St.James Town
Non-Fatal Injury,Clear,Daylight,Major,Pedestrian,None,D22,2023-06-06,2023,2023-06-06T16:37:00Z,16,Clear,Stonegate-Queensway
Non-Fatal Injury,Clear,Daylight,Major,Cyclist,East,D53,2023-06-07,2023,2023-06-07T18:10:00Z,18,Clear,Casa Loma
Non-Fatal Injury,Clear,Daylight,Major,Cyclist,North,D51,2023-06-09,2023,2023-06-09T17:36:00Z,17,Clear,Downtown Yonge East
Non-Fatal Injury,Clear,Daylight,Major,Pedestrian,None,D12,2023-06-10,2023,2023-06-10T14:53:00Z,14,Clear,Weston
Non-Fatal Injury,Rain,Daylight,Major,Pedestrian,None,D53,2023-06-12,2023,2023-06-12T16:25:00Z,16,Adverse,Mount Pleasant East
Fatal,Clear,Daylight,Fatal,Pedestrian,North,D43,2023-06-14,2023,2023-06-14T12:35:00Z,12,Clear,Scarborough Village
Non-Fatal Injury,Clear,Daylight,Major,Pedestrian,None,D42,2023-06-20,2023,2023-06-20T13:06:00Z,13,Clear,Malvern East
Non-Fatal Injury,Clear,Other,Major,Cyclist,East,D55,2023-06-20,2023,2023-06-20T19:22:00Z,19,Clear,East End-Danforth
Non-Fatal Injury,Clear,Daylight,Major,Cyclist,West,D55,2023-06-21,2023,2023-06-21T20:00:00Z,20,Clear,The Beaches
Non-Fatal Injury,Clear,Daylight,Major,Pedestrian,None,D11,2023-06-23,2023,2023-06-23T11:38:00Z,11,Clear,Dufferin Grove
Non-Fatal Injury,Clear,Other,Major,Pedestrian,None,D52,2023-06-27,2023,2023-06-27T23:17:00Z,23,Clear,Harbourfront-CityPlace
Non-Fatal Injury,Clear,Daylight,Major,Cyclist,East,D51,2023-06-28,2023,2023-06-28T17:05:00Z,17,Clear,Downtown Yonge East
Non-Fatal Injury,Clear,Daylight,Major,Pedestrian,None,D14,2023-06-29,2023,2023-06-29T16:50:00Z,16,Clear,Kensington-Chinatown
Non-Fatal Injury,Clear,Other,Major,Pedestrian,None,D42,2023-06-29,2023,2023-06-29T23:10:00Z,23,Clear,Milliken
Non-Fatal Injury,Clear,Daylight,Major,Pedestrian,None,D41,2023-06-30,2023,2023-06-30T15:37:00Z,15,Clear,Dorset Park
Non-Fatal Injury,Clear,Daylight,Major,Pedestrian,None,D11,2023-07-01,2023,2023-07-01T18:40:00Z,18,Clear,Dufferin Grove
Non-Fatal Injury,Clear,Daylight,Major,Cyclist,South,D31,2023-07-05,2023,2023-07-05T10:28:00Z,10,Clear,Pelmo Park-Humberlea
Fatal,Clear,Daylight,Fatal,Pedestrian,South,D11,2023-07-05,2023,2023-07-05T16:25:00Z,16,Clear,Junction Area
Non-Fatal Injury,Clear,Daylight,Major,Cyclist,East,D31,2023-07-10,2023,2023-07-10T17:00:00Z,17,Clear,Pelmo Park-Humberlea
Fatal,Clear,Daylight,Fatal,Pedestrian,South,D22,2023-07-11,2023,2023-07-11T13:53:00Z,13,Clear,Alderwood
Non-Fatal Injury,Clear,Daylight,Major,Pedestrian,None,D12,2023-07-11,2023,2023-07-11T20:29:00Z,20,Clear,Beechborough-Greenbrook
Non-Fatal Injury,Clear,Daylight,Minimal,Pedestrian,None,D12,2023-07-11,2023,2023-07-11T20:29:00Z,20,Clear,Beechborough-Greenbrook
Non-Fatal Injury,Clear,Daylight,Major,Cyclist,South,D53,2023-07-12,2023,2023-07-12T18:40:00Z,18,Clear,Annex
Non-Fatal Injury,Rain,Other,Major,Pedestrian,None,D31,2023-07-15,2023,2023-07-15T22:00:00Z,22,Adverse,Black Creek
Non-Fatal Injury,Clear,Daylight,Major,Cyclist,South,D13,2023-07-19,2023,2023-07-19T17:58:00Z,17,Clear,Caledonia-Fairbank
Non-Fatal Injury,Clear,Daylight,Major,Pedestrian,None,D53,2023-07-20,2023,2023-07-20T14:27:00Z,14,Clear,South Eglinton-Davisville
Non-Fatal Injury,Clear,Daylight,Major,Pedestrian,None,D51,2023-07-22,2023,2023-07-22T18:30:00Z,18,Clear,St Lawrence-East Bayfront-The Islands
Non-Fatal Injury,Clear,Daylight,Major,Pedestrian,West,D52,2023-07-23,2023,2023-07-23T14:00:00Z,14,Clear,Wellington Place
Fatal,Clear,Dark,Fatal,Pedestrian,West,D41,2023-07-28,2023,2023-07-28T22:18:00Z,22,Clear,Wexford/Maryvale
Non-Fatal Injury,Rain,Other,Major,Pedestrian,None,D41,2023-08-04,2023,2023-08-04T11:00:00Z,11,Adverse,Dorset Park
Fatal,Clear,Daylight,Fatal,Pedestrian,None,D13,2023-08-04,2023,2023-08-04T18:48:00Z,18,Clear,Oakwood Village
Non-Fatal Injury,Clear,Other,Major,Pedestrian,West,D41,2023-08-04,2023,2023-08-04T21:41:00Z,21,Clear,Birchcliffe-Cliffside
Non-Fatal Injury,Clear,Other,Major,Pedestrian,None,D33,2023-08-05,2023,2023-08-05T22:00:00Z,22,Clear,Don Valley Village
Non-Fatal Injury,Clear,Daylight,Major,Pedestrian,None,D55,2023-08-08,2023,2023-08-08T16:43:00Z,16,Clear,South Riverdale
Non-Fatal Injury,Clear,Other,Major,Pedestrian,None,D55,2023-08-09,2023,2023-08-09T19:58:00Z,19,Clear,South Riverdale
Non-Fatal Injury,Clear,Dark,Major,Cyclist,North,D52,2023-08-09,2023,2023-08-09T20:39:00Z,20,Clear,University
Non-Fatal Injury,Clear,Daylight,Major,Pedestrian,None,D31,2023-08-11,2023,2023-08-11T11:28:00Z,11,Clear,York University Heights
Non-Fatal Injury,Clear,Daylight,Major,Cyclist,South,D11,2023-08-11,2023,2023-08-11T15:55:00Z,15,Clear,Dufferin Grove
Non-Fatal Injury,Clear,Daylight,Minor,Pedestrian,None,D32,2023-08-12,2023,2023-08-12T17:40:00Z,17,Clear,Bathurst Manor
Non-Fatal Injury,Clear,Daylight,Minor,Pedestrian,None,D32,2023-08-12,2023,2023-08-12T17:40:00Z,17,Clear,Bathurst Manor
Non-Fatal Injury,Clear,Daylight,Major,Pedestrian,None,D32,2023-08-12,2023,2023-08-12T17:40:00Z,17,Clear,Bathurst Manor
Non-Fatal Injury,Clear,Other,Major,Pedestrian,None,D43,2023-08-17,2023,2023-08-17T20:36:00Z,20,Clear,Scarborough Village
Non-Fatal Injury,Clear,Daylight,Major,Pedestrian,None,D14,2023-08-22,2023,2023-08-22T14:51:00Z,14,Clear,South Parkdale
Non-Fatal Injury,Clear,Daylight,Major,Pedestrian,None,D23,2023-08-23,2023,2023-08-23T17:33:00Z,17,Clear,West Humber-Clairville
Non-Fatal Injury,Clear,Daylight,Major,Cyclist,North,D22,2023-08-25,2023,2023-08-25T11:44:00Z,11,Clear,Mimico-Queensway
Non-Fatal Injury,Clear,Daylight,Major,Pedestrian,None,D23,2023-08-25,2023,2023-08-25T14:16:00Z,14,Clear,Rexdale-Kipling
Non-Fatal Injury,Clear,Daylight,Major,Cyclist,South,D52,2023-08-25,2023,2023-08-25T19:20:00Z,19,Clear,Harbourfront-CityPlace
Non-Fatal Injury,Clear,Daylight,Major,Cyclist,East,D51,2023-08-25,2023,2023-08-25T19:47:00Z,19,Clear,Regent Park
Non-Fatal Injury,Clear,Other,Major,Pedestrian,None,D32,2023-08-26,2023,2023-08-26T23:25:00Z,23,Clear,NSA
Non-Fatal Injury,Clear,Daylight,Major,Pedestrian,None,D22,2023-09-02,2023,2023-09-02T18:39:00Z,18,Clear,Long Branch
Non-Fatal Injury,Clear,Daylight,Major,Pedestrian,None,D14,2023-09-03,2023,2023-09-03T14:00:00Z,14,Clear,Dufferin Grove
Non-Fatal Injury,Clear,Daylight,Major,Cyclist,South,D33,2023-09-05,2023,2023-09-05T11:24:00Z,11,Clear,Don Valley Village
Non-Fatal Injury,Clear,Daylight,Major,Pedestrian,None,D51,2023-09-06,2023,2023-09-06T10:26:00Z,10,Clear,Church-Wellesley
Non-Fatal Injury,Clear,Other,Fatal,Pedestrian,None,D41,2023-09-08,2023,2023-09-08T20:39:00Z,20,Clear,Wexford/Maryvale
Non-Fatal Injury,Clear,Daylight,Major,Cyclist,West,D41,2023-09-09,2023,2023-09-09T15:25:00Z,15,Clear,Wexford/Maryvale
Non-Fatal Injury,Clear,Daylight,Major,Pedestrian,None,D42,2023-09-14,2023,2023-09-14T16:12:00Z,16,Clear,L'Amoreaux West
Non-Fatal Injury,Clear,Daylight,Major,Pedestrian,None,D42,2023-09-14,2023,2023-09-14T16:12:00Z,16,Clear,L'Amoreaux West
Non-Fatal Injury,Clear,Daylight,None,Cyclist,West,D52,2023-09-17,2023,2023-09-17T12:50:00Z,12,Clear,Harbourfront-CityPlace
Non-Fatal Injury,Clear,Daylight,Major,Pedestrian,None,D52,2023-09-17,2023,2023-09-17T12:50:00Z,12,Clear,Harbourfront-CityPlace
Non-Fatal Injury,Clear,Other,Major,Cyclist,South,D55,2023-09-18,2023,2023-09-18T19:07:00Z,19,Clear,South Riverdale
Non-Fatal Injury,Clear,Other,Major,Pedestrian,None,D55,2023-09-19,2023,2023-09-19T22:15:00Z,22,Clear,Broadview North
Non-Fatal Injury,Clear,Daylight,Major,Pedestrian,None,D53,2023-09-21,2023,2023-09-21T14:10:00Z,14,Clear,Leaside-Bennington
Non-Fatal Injury,Clear,Other,Major,Pedestrian,None,D55,2023-09-28,2023,2023-09-28T18:23:00Z,18,Clear,Woodbine Corridor
Non-Fatal Injury,Clear,Daylight,Major,Cyclist,South,D53,2023-10-03,2023,2023-10-03T10:07:00Z,10,Clear,Rosedale-Moore Park
Non-Fatal Injury,Clear,Daylight,Major,Pedestrian,None,D51,2023-10-03,2023,2023-10-03T18:01:00Z,18,Clear,Moss Park
Non-Fatal Injury,Clear,Daylight,Major,Pedestrian,None,D41,2023-10-06,2023,2023-10-06T10:00:00Z,10,Clear,Oakridge
Fatal,Clear,Daylight,Fatal,Pedestrian,West,D22,2023-10-06,2023,2023-10-06T15:44:00Z,15,Clear,Alderwood
Non-Fatal Injury,Rain,Dark,Major,Pedestrian,None,D42,2023-10-10,2023,2023-10-10T20:45:00Z,20,Adverse,Agincourt South-Malvern West
Fatal,Clear,Daylight,Fatal,Pedestrian,East,D53,2023-10-16,2023,2023-10-16T10:40:00Z,10,Clear,Mount Pleasant East
Non-Fatal Injury,Clear,Other,Major,Pedestrian,West,D41,2023-10-18,2023,2023-10-18T23:15:00Z,23,Clear,Cliffcrest
Non-Fatal Injury,Clear,Daylight,Major,Pedestrian,None,D14,2023-10-19,2023,2023-10-19T11:38:00Z,11,Clear,South Parkdale
Non-Fatal Injury,Rain,Daylight,Major,Pedestrian,None,D53,2023-10-20,2023,2023-10-20T14:35:00Z,14,Adverse,Leaside-Bennington
Non-Fatal Injury,Clear,Other,Major,Pedestrian,None,D42,2023-10-27,2023,2023-10-27T19:15:00Z,19,Clear,East L'Amoreaux
Fatal,Rain,Other,Fatal,Pedestrian,North,D33,2023-10-27,2023,2023-10-27T19:44:00Z,19,Adverse,Banbury-Don Mills
Non-Fatal Injury,Clear,Daylight,Major,Pedestrian,None,D31,2023-10-28,2023,2023-10-28T16:43:00Z,16,Clear,Oakdale-Beverley Heights
Fatal,Rain,Daylight,Fatal,Pedestrian,None,D13,2023-10-30,2023,2023-10-30T10:14:00Z,10,Adverse,Briar Hill-Belgravia
Fatal,Rain,Daylight,Minor,Pedestrian,None,D13,2023-10-30,2023,2023-10-30T10:14:00Z,10,Adverse,Briar Hill-Belgravia
Non-Fatal Injury,Clear,Daylight,Major,Pedestrian,None,D22,2023-10-31,2023,2023-10-31T12:50:00Z,12,Clear,Edenbridge-Humber Valley
Non-Fatal Injury,Clear,Daylight,None,Pedestrian,None,D22,2023-10-31,2023,2023-10-31T12:50:00Z,12,Clear,Edenbridge-Humber Valley
Non-Fatal Injury,Clear,Other,Major,Pedestrian,None,D32,2023-11-05,2023,2023-11-05T20:25:00Z,20,Clear,Bridle Path-Sunnybrook-York Mills
Non-Fatal Injury,Rain,Other,Major,Pedestrian,None,D52,2023-11-08,2023,2023-11-08T17:17:00Z,17,Adverse,Yonge-Bay Corridor
Fatal,Other,Other,Fatal,Pedestrian,East,D13,2023-11-13,2023,2023-11-13T10:33:00Z,10,Unknown,Oakwood Village
Non-Fatal Injury,Clear,Daylight,Major,Cyclist,East,D23,2023-11-18,2023,2023-11-18T17:00:00Z,17,Clear,Kingsview Village-The Westway
Property Damage O,Clear,Other,Major,Pedestrian,None,D11,2023-11-25,2023,2023-11-25T20:33:00Z,20,Clear,Roncesvalles
Non-Fatal Injury,Rain,Dark,Major,Pedestrian,None,D41,2023-11-26,2023,2023-11-26T18:10:00Z,18,Adverse,Ionview
Fatal,Clear,Daylight,Fatal,Pedestrian,North,D53,2023-11-28,2023,2023-11-28T10:25:00Z,10,Clear,South Eglinton-Davisville
Non-Fatal Injury,Clear,Other,Major,Pedestrian,None,D31,2023-11-29,2023,2023-11-29T19:24:00Z,19,Clear,Humber Summit
Non-Fatal Injury,Clear,Dark,Major,Pedestrian,None,D12,2023-11-30,2023,2023-11-30T19:56:00Z,19,Clear,Mount Dennis
Non-Fatal Injury,Clear,Other,Major,Pedestrian,None,D12,2023-12-02,2023,2023-12-02T17:35:00Z,17,Adverse,Mount Dennis
Fatal,Clear,Daylight,Fatal,Pedestrian,West,D13,2023-12-07,2023,2023-12-07T12:46:00Z,12,Clear,Wychwood
Non-Fatal Injury,Clear,Daylight,Major,Pedestrian,None,D52,2023-12-07,2023,2023-12-07T16:12:00Z,16,Clear,Harbourfront-CityPlace
Non-Fatal Injury,Clear,Other,Major,Pedestrian,None,D22,2023-12-07,2023,2023-12-07T20:47:00Z,20,Clear,Etobicoke City Centre
Fatal,Rain,Other,Fatal,Pedestrian,East,D31,2023-12-09,2023,2023-12-09T20:40:00Z,20,Adverse,Oakdale-Beverley Heights
Non-Fatal Injury,Rain,Other,Major,Pedestrian,None,D12,2023-12-09,2023,2023-12-09T20:48:00Z,20,Adverse,Maple Leaf
Non-Fatal Injury,Clear,Other,Major,Pedestrian,None,D41,2023-12-10,2023,2023-12-10T12:40:00Z,12,Clear,Birchcliffe-Cliffside
Non-Fatal Injury,Clear,Daylight,Major,Pedestrian,None,D13,2023-12-13,2023,2023-12-13T10:19:00Z,10,Clear,Briar Hill-Belgravia
Non-Fatal Injury,Rain,Dark,Major,Pedestrian,None,D32,2023-12-17,2023,2023-12-17T17:00:00Z,17,Adverse,Avondale
Non-Fatal Injury,Rain,Dark,Major,Pedestrian,None,D23,2023-12-17,2023,2023-12-17T17:07:00Z,17,Adverse,Elms-Old Rexdale
Non-Fatal Injury,Rain,Dark,Major,Pedestrian,None,D43,2023-12-18,2023,2023-12-18T18:00:00Z,18,Adverse,Eglinton East
Non-Fatal Injury,Snow,Other,Major,Pedestrian,None,D31,2023-12-18,2023,2023-12-18T19:05:00Z,19,Adverse,Glenfield-Jane Heights
Non-Fatal Injury,Clear,Daylight,Major,Cyclist,North,D51,2023-12-22,2023,2023-12-22T14:00:00Z,14,Clear,St Lawrence-East Bayfront-The Islands
Non-Fatal Injury,Other,Other,Major,Pedestrian,None,D43,2023-12-26,2023,2023-12-26T20:08:00Z,20,Adverse,Woburn North
Fatal,Rain,Dark,Fatal,Pedestrian,East,D14,2023-12-28,2023,2023-12-28T19:11:00Z,19,Adverse,Little Portugal
Non-Fatal Injury,Rain,Dark,Major,Pedestrian,None,D41,2023-12-29,2023,2023-12-29T18:29:00Z,18,Adverse,Clairlea-Birchmount